timestamp,count,uniques
2026-05-17T00:00:00Z,58,22
2026-05-18T00:00:00Z,36,13
2026-05-19T00:00:00Z,41,23
2026-05-20T00:00:00Z,183,15
2026-05-21T00:00:00Z,70,12
2026-05-22T00:00:00Z,53,16
2026-05-23T00:00:00Z,43,18
2026-05-24T00:00:00Z,83,14
2026-05-25T00:00:00Z,44,20
2026-05-26T00:00:00Z,172,19
2026-05-27T00:00:00Z,30,18
2026-05-28T00:00:00Z,19,14
2026-05-29T00:00:00Z,30,20
2026-05-30T00:00:00Z,30,18
2026-05-31T00:00:00Z,201,15
2026-06-01T00:00:00Z,124,16
2026-06-02T00:00:00Z,23,15
2026-06-03T00:00:00Z,11,9
2026-06-04T00:00:00Z,23,15
2026-06-05T00:00:00Z,78,12
2026-06-06T00:00:00Z,54,18
2026-06-07T00:00:00Z,112,15
2026-06-08T00:00:00Z,42,10
2026-06-09T00:00:00Z,19,11
2026-06-10T00:00:00Z,31,7
2026-06-11T00:00:00Z,15,9
2026-06-12T00:00:00Z,63,17
2026-06-13T00:00:00Z,97,22
2026-06-14T00:00:00Z,30,20
2026-06-15T00:00:00Z,17,10
2026-06-16T00:00:00Z,22,11
2026-06-17T00:00:00Z,27,13
2026-06-18T00:00:00Z,35,13
2026-06-19T00:00:00Z,18,13
2026-06-20T00:00:00Z,20,16
2026-06-21T00:00:00Z,13,12
2026-06-22T00:00:00Z,32,17
2026-06-23T00:00:00Z,24,9
2026-06-24T00:00:00Z,37,17
2026-06-25T00:00:00Z,73,25
2026-06-26T00:00:00Z,28,12
2026-06-27T00:00:00Z,30,14
2026-06-28T00:00:00Z,143,28
2026-06-29T00:00:00Z,140,25
2026-06-30T00:00:00Z,148,23
2026-07-01T00:00:00Z,121,18
2026-07-02T00:00:00Z,97,23
2026-07-03T00:00:00Z,45,21
2026-07-04T00:00:00Z,158,46
2026-07-05T00:00:00Z,161,35
2026-07-06T00:00:00Z,81,25
2026-07-07T00:00:00Z,73,20
2026-07-08T00:00:00Z,30,15
2026-07-09T00:00:00Z,27,18
2026-07-10T00:00:00Z,72,17
2026-07-11T00:00:00Z,45,20
2026-07-12T00:00:00Z,26,15
2026-07-13T00:00:00Z,13,9
2026-07-14T00:00:00Z,17,15
2026-07-15T00:00:00Z,28,11
2026-07-16T00:00:00Z,27,17
2026-07-17T00:00:00Z,19,9
2026-07-18T00:00:00Z,30,14
2026-07-19T00:00:00Z,27,11
2026-07-20T00:00:00Z,50,25
2026-07-21T00:00:00Z,28,15
2026-07-22T00:00:00Z,16,12
2026-07-23T00:00:00Z,14,13
2026-07-24T00:00:00Z,11,9
2026-07-25T00:00:00Z,54,19
2026-07-26T00:00:00Z,33,13
2026-07-27T00:00:00Z,18,7
2026-07-28T00:00:00Z,34,10
2026-07-29T00:00:00Z,20,17
2026-07-30T00:00:00Z,10,8
2026-07-31T00:00:00Z,24,14
